2016年12月26日,日経ソフトウエア2017年2月号,"1,320",https://www.amazon.co.jp/gp/css/summary/print.html/ref=oh_aui_pi_o00_?ie=UTF8&orderID=250-8409232-7573466
2016年12月25日,鬼速PDCA,"1,598",https://www.amazon.co.jp/gp/css/summary/print.html/ref=oh_aui_pi_o02_?ie=UTF8&orderID=250-8586848-3034209
2016年12月23日,Mapion・日本一の地図システムの作り方 (Software Design plus),"2,786",https://www.amazon.co.jp/gp/css/summary/print.html/ref=oh_aui_pi_o04_?ie=UTF8&orderID=250-1473949-2425451
2016年12月20日,C#プログラマーのための 基礎からわかるLINQマジック!,"3,110",https://www.amazon.co.jp/gp/css/summary/print.html/ref=oh_aui_pi_o05_?ie=UTF8&orderID=250-0181088-5167051
2016年12月20日,パケットキャプチャ無線LAN編(Wiresharkによる解析),"3,888",https://www.amazon.co.jp/gp/css/summary/print.html/ref=oh_aui_pi_o06_?ie=UTF8&orderID=250-7055630-9755804
2016年12月18日,美術手帖 2017年1月号,"1,728",https://www.amazon.co.jp/gp/css/summary/print.html/ref=oh_aui_pi_o07_?ie=UTF8&orderID=250-0309872-5815054
2016年12月18日,Interface(インターフェース) 2017年 02 月号 [雑誌],"1,080",https://www.amazon.co.jp/gp/css/summary/print.html/ref=oh_aui_pi_o08_?ie=UTF8&orderID=250-7082044-7487839
2016年12月18日,ソフトウェアデザイン 2017年 01 月号 [雑誌],"1,317",https://www.amazon.co.jp/gp/css/summary/print.html/ref=oh_aui_pi_o09_?ie=UTF8&orderID=250-4750932-9898207
2016年12月18日,IO 2017年 01 月号 [雑誌],980,https://www.amazon.co.jp/gp/css/summary/print.html/ref=oh_aui_pi_o00_?ie=UTF8&orderID=503-4851031-3988644
2016年12月18日,林業がつくる日本の森林,"1,944",https://www.amazon.co.jp/gp/css/summary/print.html/ref=oh_aui_pi_o01_?ie=UTF8&orderID=250-1419431-9044639
2016年12月18日,Windowsはなぜ動くのか,"2,592",https://www.amazon.co.jp/gp/css/summary/print.html/ref=oh_aui_pi_o02_?ie=UTF8&orderID=250-0190773-9027874
2017年10月10日,プロジェクションマッピングの教科書,"3,694",https://www.amazon.co.jp/gp/css/summary/print.html/ref=oh_aui_pi_o00_?ie=UTF8&orderID=250-4607101-2302222
2017年8月30日,Canon 純正 インク カートリッジ BC-340 ブラック 大容量タイプ BC-340XL,"2,744",https://www.amazon.co.jp/gp/css/summary/print.html/ref=oh_aui_pi_o02_?ie=UTF8&orderID=249-8557572-8981428
2017年8月29日,Canon 純正 インク カートリッジ BC-341 3色カラー 大容量タイプ BC-341XL,"2,882",https://www.amazon.co.jp/gp/css/summary/print.html/ref=oh_aui_pi_o03_?ie=UTF8&orderID=249-2089732-4766228
2017年8月27日,これからはじめるRL78/G13マイコン入門,"2,808",https://www.amazon.co.jp/gp/css/summary/print.html/ref=oh_aui_pi_o04_?ie=UTF8&orderID=249-1782763-1963801
2017年8月26日,AndroidStudioではじめるAndroidプログラミング入門 Android7+AndroidStudio2対応,"3,024",https://www.amazon.co.jp/gp/css/summary/print.html/ref=oh_aui_pi_o06_?ie=UTF8&orderID=249-0035319-7262264
2017年8月23日,Canon 純正 インク カートリッジ BC-341 3色カラー 大容量タイプ BC-341XL,"2,877",https://www.amazon.co.jp/gp/css/summary/print.html/ref=oh_aui_pi_o07_?ie=UTF8&orderID=249-9157572-2579052
2017年8月19日,システムを「外注」するときに読む本,"2,138",https://www.amazon.co.jp/gp/css/summary/print.html/ref=oh_aui_pi_o09_?ie=UTF8&orderID=249-0403581-0089454
2017年8月17日,コクヨ キャンパスノート ドット入り罫線 5冊パック B5 A罫 30枚 ノ-3CATNX5,352,https://www.amazon.co.jp/gp/css/summary/print.html/ref=oh_aui_pi_o01_?ie=UTF8&orderID=249-2082033-5884630
2017年8月17日,ITロードマップ 2017年版,"2,700",https://www.amazon.co.jp/gp/css/summary/print.html/ref=oh_aui_pi_o02_?ie=UTF8&orderID=249-7831447-4818224
2017年8月15日,スタートアップ・バブル 愚かな投資家と幼稚な起業家,"1,944",https://www.amazon.co.jp/gp/css/summary/print.html/ref=oh_aui_pi_o04_?ie=UTF8&orderID=249-9545902-5256633
2017年8月15日,ジョブ理論 イノベーションを予測可能にする消費のメカニズム (ハーパーコリンズ・ノンフィクション),"2,160",https://www.amazon.co.jp/gp/css/summary/print.html/ref=oh_aui_pi_o06_?ie=UTF8&orderID=249-6764931-0831839
2017年8月15日,ジョブ理論　イノベーションを予測可能にする消費のメカニズム (ハーパーコリンズ・ノンフィクション),"2,000",https://www.amazon.co.jp/gp/digital/your-account/order-summary.html/ref=oh_aui_dpi_o07_?ie=UTF8&orderID=D01-1345491-9538669&print=1
2017年8月15日,IO 2017年 09 月号 [雑誌],980,https://www.amazon.co.jp/gp/css/summary/print.html/ref=oh_aui_pi_o08_?ie=UTF8&orderID=249-6561702-3016606
2017年8月9日,日経Linux 2017年 09 月号等,"2,520",https://www.amazon.co.jp/gp/css/summary/print.html/ref=oh_aui_pi_o01_?ie=UTF8&orderID=249-3691126-8142221
2017年8月3日,Creating Google Chrome Extensions,"3,215",https://www.amazon.co.jp/gp/css/summary/print.html/ref=oh_aui_pi_o09_?ie=UTF8&orderID=249-8101760-5068621
2017年7月29日,ソフトウェアデザイン 2017年 08 月号 [雑誌],"1,318",https://www.amazon.co.jp/gp/css/summary/print.html/ref=oh_aui_pi_o01_?ie=UTF8&orderID=249-6819766-1006241
2017年7月26日,Interface(インターフェース) 2017年 09 月号等,"2,580",https://www.amazon.co.jp/gp/css/summary/print.html/ref=oh_aui_pi_o04_?ie=UTF8&orderID=249-1664871-6011823
2017年7月25日,サーバーレスシングルページアプリケーション ―S3、AWS Lambda、API Gateway、DynamoDB、Cognitoで構築するスケーラブルなWebサービス,"2,808",https://www.amazon.co.jp/gp/css/summary/print.html/ref=oh_aui_pi_o05_?ie=UTF8&orderID=249-5519082-4196618
2017年7月25日,詳解 ディープラーニング ~TensorFlow・Kerasによる時系列データ処理~,"3,672",https://www.amazon.co.jp/gp/css/summary/print.html/ref=oh_aui_pi_o06_?ie=UTF8&orderID=249-9206121-8795836
2017年7月25日,コンピュータシステムの理論と実装 ―モダンなコンピュータの作り方,"3,888",https://www.amazon.co.jp/gp/css/summary/print.html/ref=oh_aui_pi_o07_?ie=UTF8&orderID=249-0147668-7008616
2017年7月25日,詳解 ディープラーニング ~TensorFlow・Kerasによる時系列データ処理~,"3,672",https://www.amazon.co.jp/gp/css/summary/print.html/ref=oh_aui_pi_o08_?ie=UTF8&orderID=249-8976892-0026243
2017年7月22日,生涯投資家,"1,836",https://www.amazon.co.jp/gp/css/summary/print.html/ref=oh_aui_pi_o03_?ie=UTF8&orderID=249-1336364-3921447
2017年7月21日,2週間で腹を割る!  4分鬼筋トレ,"1,404",https://www.amazon.co.jp/gp/css/summary/print.html/ref=oh_aui_pi_o05_?ie=UTF8&orderID=249-5422082-1392615
2017年7月20日,MBAより簡単で英語より大切な決算を読む習慣,"1,944",https://www.amazon.co.jp/gp/css/summary/print.html/ref=oh_aui_pi_o06_?ie=UTF8&orderID=249-1693185-2932600
2017年7月13日,IO 2017年 08 月号 [雑誌],980,https://www.amazon.co.jp/gp/css/summary/print.html/ref=oh_aui_pi_o00_?ie=UTF8&orderID=249-9040256-4247864
2017年7月13日,トランジスタ技術 2017年 8月号等,"1,364",https://www.amazon.co.jp/gp/css/summary/print.html/ref=oh_aui_pi_o01_?ie=UTF8&orderID=249-6066696-8517411
2017年7月7日,実践AWS Lambda ~「サーバレス」を実現する新しいアプリケーションのプラットフォーム~,"3,240",https://www.amazon.co.jp/gp/css/summary/print.html/ref=oh_aui_pi_o05_?ie=UTF8&orderID=249-2927818-0300624
2017年7月6日,日経Linux 2017年 08 月号,"1,540",https://www.amazon.co.jp/gp/css/summary/print.html/ref=oh_aui_pi_o06_?ie=UTF8&orderID=249-6206584-8491822
2017年7月5日,SCORER SDK スターターキット （カメラ画角60度）,"9,800",https://www.amazon.co.jp/gp/css/summary/print.html/ref=oh_aui_pi_o08_?ie=UTF8&orderID=249-6608745-3742231
2017年6月29日,デジタルビジネスへの挑戦 情報サービス産業白書 2017,"3,024",https://www.amazon.co.jp/gp/css/summary/print.html/ref=oh_aui_pi_o01_?ie=UTF8&orderID=249-6634341-5404600
2017年6月29日,日経ソフトウエア 2017年 07 月号等,"3,858",https://www.amazon.co.jp/gp/css/summary/print.html/ref=oh_aui_pi_o02_?ie=UTF8&orderID=249-5664227-2935068
2017年6月28日,TP-Link 無線LANルーター 11ac/n/a/b/g 433Mbps+300Mbps USBポート Archer C20,"2,780",https://www.amazon.co.jp/gp/css/summary/print.html/ref=oh_aui_pi_o03_?ie=UTF8&orderID=250-3337928-6434217
2017年6月28日,CR2354 リチウム電池(10個パック),600,https://www.amazon.co.jp/gp/css/summary/print.html/ref=oh_aui_pi_o04_?ie=UTF8&orderID=250-2672681-3082269
2017年6月27日,パナソニック ＣＲ２０３２ ４個　リチウム電池　Panasonic,380,https://www.amazon.co.jp/gp/css/summary/print.html/ref=oh_aui_pi_o05_?ie=UTF8&orderID=249-5554133-6849466
2017年6月26日,立地の科学―――購買行動を数値化する出店戦略等,"3,456",https://www.amazon.co.jp/gp/css/summary/print.html/ref=oh_aui_pi_o06_?ie=UTF8&orderID=249-9833365-8237401
2017年6月26日,世界史を創ったビジネスモデル (新潮選書),"1,836",https://www.amazon.co.jp/gp/css/summary/print.html/ref=oh_aui_pi_o07_?ie=UTF8&orderID=250-6059211-0259817
2017年6月26日,Logicool ロジクール MX2100sGY MX Master 2S ワイヤレスレーザーマウス グレイ FLOW機能付 Bluetooth/USB接続 Windows/Mac対応 高確度,"12,633",https://www.amazon.co.jp/gp/css/summary/print.html/ref=oh_aui_pi_o08_?ie=UTF8&orderID=250-0114816-4199834
2017年6月22日,HTML5ガイドブック 増補改訂版 (Google Expert Series),356,https://www.amazon.co.jp/gp/css/summary/print.html/ref=oh_aui_pi_o00_?ie=UTF8&orderID=249-6895296-3599061
2017年6月22日,HTML5ガイドブック 増補改訂版 (Google Expert Series),355,https://www.amazon.co.jp/gp/css/summary/print.html/ref=oh_aui_pi_o01_?ie=UTF8&orderID=249-0727512-7061444
2017年6月20日,Ruby on Rails 5 超入門,"2,624",https://www.amazon.co.jp/gp/digital/your-account/order-summary.html/ref=oh_aui_dpi_o03_?ie=UTF8&orderID=D01-3545601-8505054&print=1
2017年6月19日,パナソニック ＣＲ２０３２ ４個　リチウム電池　Panasonic,340,https://www.amazon.co.jp/gp/css/summary/print.html/ref=oh_aui_pi_o04_?ie=UTF8&orderID=249-8539274-5274268
2017年6月18日,Interface(インターフェース) 2017年 08 月号,"1,000",https://www.amazon.co.jp/gp/css/summary/print.html/ref=oh_aui_pi_o06_?ie=UTF8&orderID=249-7050020-8303819
2017年6月18日,IO 2017年 07 月号 [雑誌]等,"1,980",https://www.amazon.co.jp/gp/css/summary/print.html/ref=oh_aui_pi_o07_?ie=UTF8&orderID=249-2044854-4761407
2017年6月17日,JS+Node.jsによるWebクローラー/ネットエージェント開発テクニック等,"6,480",https://www.amazon.co.jp/gp/css/summary/print.html/ref=oh_aui_pi_o08_?ie=UTF8&orderID=249-2705740-1535816
2017年6月10日,直販・通販で稼ぐ! 年商1億円農家 (DOBOOKS),"1,620",https://www.amazon.co.jp/gp/css/summary/print.html/ref=oh_aui_pi_o03_?ie=UTF8&orderID=249-8637654-3279857
2017年6月9日,AC-DCコンバーター100V→24V直流安定化電源・変換器＋配線付,"3,175",https://www.amazon.co.jp/gp/css/summary/print.html/ref=oh_aui_pi_o04_?ie=UTF8&orderID=250-9718626-7869432
2017年6月9日,Selenium実践入門 ―― 自動化による継続的なブラウザテスト (WEB+DB PRESS plus),"3,564",https://www.amazon.co.jp/gp/css/summary/print.html/ref=oh_aui_pi_o05_?ie=UTF8&orderID=249-8180994-1626247
2017年6月4日,誰がアパレルを殺すのか,"1,500",https://www.amazon.co.jp/gp/digital/your-account/order-summary.html/ref=oh_aui_dpi_o06_?ie=UTF8&orderID=D01-7520867-9759430&print=1
2017年6月4日,ラズベリーパイ3 (Raspberry Pi 3B made in JAPAN) 技適対応 日本製 + 5.1V/2.5A ラズベリー財団公式アダプタ 【本体+アダプタ セット品】,"5,940",https://www.amazon.co.jp/gp/css/summary/print.html/ref=oh_aui_pi_o08_?ie=UTF8&orderID=249-8548906-2231065
2017年6月3日,Rubyist Magazine出張版 Ruby on Windows,258,https://www.amazon.co.jp/gp/css/summary/print.html/ref=oh_aui_pi_o09_?ie=UTF8&orderID=249-9969415-5609435
2017年6月3日,Rubyist Magazine出張版 Ruby on Windows,337,https://www.amazon.co.jp/gp/css/summary/print.html/ref=oh_aui_pi_o00_?ie=UTF8&orderID=249-9916245-9687018
2017年5月31日,絵とき「リレー回路」基礎のきそ (Electronics Series),"2,160",https://www.amazon.co.jp/gp/css/summary/print.html/ref=oh_aui_pi_o01_?ie=UTF8&orderID=249-9794818-0658207
2017年5月30日,EC-CUBE 3 店舗運営&デザインカスタマイズガイド,"3,024",https://www.amazon.co.jp/gp/css/summary/print.html/ref=oh_aui_pi_o03_?ie=UTF8&orderID=249-5956282-6397426
2017年5月30日,実践力を身につける Pythonの教科書,"2,786",https://www.amazon.co.jp/gp/css/summary/print.html/ref=oh_aui_pi_o04_?ie=UTF8&orderID=250-2485836-5563018
2017年5月30日,Python 入門指南,776,https://www.amazon.co.jp/gp/digital/your-account/order-summary.html/ref=oh_aui_dpi_o05_?ie=UTF8&orderID=D01-0379970-3765807&print=1
2017年5月23日,必携 シーケンス制御プログラム定石集―機構図付き等,"4,428",https://www.amazon.co.jp/gp/css/summary/print.html/ref=oh_aui_pi_o06_?ie=UTF8&orderID=249-7027492-8020663
2017年5月23日,UMLモデリング入門,"2,400",https://www.amazon.co.jp/gp/digital/your-account/order-summary.html/ref=oh_aui_dpi_o07_?ie=UTF8&orderID=D01-6582457-8044244&print=1
2017年5月22日,絵とき「PLC制御」基礎のきそ (Mechatronics Series),"2,160",https://www.amazon.co.jp/gp/css/summary/print.html/ref=oh_aui_pi_o08_?ie=UTF8&orderID=250-7294855-3993449
2017年5月17日,ソフトウェアデザイン 2017年 06 月号 [雑誌]等,"2,298",https://www.amazon.co.jp/gp/css/summary/print.html/ref=oh_aui_pi_o03_?ie=UTF8&orderID=250-3729176-2994236
2017年5月17日,ニューラルネットワーク自作入門等,"4,503",https://www.amazon.co.jp/gp/css/summary/print.html/ref=oh_aui_pi_o04_?ie=UTF8&orderID=250-3730243-0934237
2017年5月15日,日経Linux 2017年 05 月号,"1,740",https://www.amazon.co.jp/gp/css/summary/print.html/ref=oh_aui_pi_o05_?ie=UTF8&orderID=249-8482487-9738265
2017年5月15日,Interface(インターフェース) 2017年 07 月号 [雑誌],"1,000",https://www.amazon.co.jp/gp/css/summary/print.html/ref=oh_aui_pi_o06_?ie=UTF8&orderID=249-5194691-8612615
2017年5月15日,ゲームシナリオの書き方 基礎から学ぶキャラクター・構成・テキストの秘訣 (NEXT CREATOR),"2,138",https://www.amazon.co.jp/gp/css/summary/print.html/ref=oh_aui_pi_o07_?ie=UTF8&orderID=249-6279042-0565458
2017年5月14日,商品名：【Amazon.co.jp限定】Transcend microSDHCカード 16GB Class10 UHS-I対応 無期限保証 Nintendo Switch / 3DS 動作確認済 TS16GUSDU1PE (FFP)、数量：2,"2,320",https://www.amazon.co.jp/gp/css/summary/print.html/ref=oh_aui_pi_o08_?ie=UTF8&orderID=249-6479371-5510223
2017年5月14日,次世代シークエンス解析スタンダード?NGSのポテンシャルを活かしきるWET&DRY,"5,940",https://www.amazon.co.jp/gp/css/summary/print.html/ref=oh_aui_pi_o09_?ie=UTF8&orderID=249-9624247-7662200
2017年5月14日,IO 2017年 05 月号 [雑誌]等,"8,964",https://www.amazon.co.jp/gp/css/summary/print.html/ref=oh_aui_pi_o00_?ie=UTF8&orderID=249-0879781-3807826
2017年5月13日,Fusion 360操作ガイド ベーシック編―次世代クラウドベース3DCAD,"2,808",https://www.amazon.co.jp/gp/css/summary/print.html/ref=oh_aui_pi_o01_?ie=UTF8&orderID=249-6708021-1772648
2017年5月10日,日経ソフトウエア 2017年 06 月号,"1,320",https://www.amazon.co.jp/gp/css/summary/print.html/ref=oh_aui_pi_o03_?ie=UTF8&orderID=249-8113713-4761420
2017年5月8日,Orange Pi社　正規品　Orange Pi各モデル対応専用セット　（電源アダプター５Ｖ/３Ａ　＋　ＵＳＢ接続用ケーブル）,"1,680",https://www.amazon.co.jp/gp/css/summary/print.html/ref=oh_aui_pi_o04_?ie=UTF8&orderID=250-1231884-0395827
2017年5月7日,商品名：【ノーブランド品】USB DVB-T & RTL-SDR Realtek RTL2832U & R820T DVB-T チューナー　レシーバー　MCX入力、数量：2,"1,860",https://www.amazon.co.jp/gp/css/summary/print.html/ref=oh_aui_pi_o05_?ie=UTF8&orderID=249-1391733-1679065
2017年5月6日,EletecPro Bluetooth 4.0 smart watchスマートブレスレット スマートウォッチ　0.87”OLEDスクリーン ワイヤレススポーツバンド 活動量計 血圧測定 歩数計 心拍計 アラーム機能　携帯探し 消費カロリー 睡眠計 走行距離 遠隔カメラ 着信通知 座りがち,"4,099",https://www.amazon.co.jp/gp/css/summary/print.html/ref=oh_aui_pi_o08_?ie=UTF8&orderID=249-9394035-5646261
2017年5月3日,商品名：SODIAL(R) 28BYJ-48 28BYJ48 DC 5V 4-フェーズ5線式ステッピングモータとULN2003ドライバボード、数量：2,440,https://www.amazon.co.jp/gp/css/summary/print.html/ref=oh_aui_pi_o02_?ie=UTF8&orderID=250-0247940-6171038
2017年5月3日,山と高原地図 高尾・陣馬 2017 (登山地図 | マップル),"1,080",https://www.amazon.co.jp/gp/css/summary/print.html/ref=oh_aui_pi_o03_?ie=UTF8&orderID=250-4999743-2340647
2017年5月3日,"技術者のための特許実践講座  技術的範囲を最大化し,スムーズに特許を取得するテクニック","2,376",https://www.amazon.co.jp/gp/css/summary/print.html/ref=oh_aui_pi_o04_?ie=UTF8&orderID=250-6802950-8837431
2017年4月25日,あの会社はこうして潰れた (日経プレミアシリーズ),918,https://www.amazon.co.jp/gp/css/summary/print.html/ref=oh_aui_pi_o08_?ie=UTF8&orderID=250-4382108-5509469
2017年4月25日,現代中国経営者列伝 (星海社新書),972,https://www.amazon.co.jp/gp/css/summary/print.html/ref=oh_aui_pi_o09_?ie=UTF8&orderID=250-5213589-7826234
2017年4月25日,国立科学博物館のひみつ 地球館探検編,"1,944",https://www.amazon.co.jp/gp/css/summary/print.html/ref=oh_aui_pi_o00_?ie=UTF8&orderID=250-2300431-3526255
2017年4月25日,Interface(インターフェース) 2017年 06 月号,"1,080",https://www.amazon.co.jp/gp/css/summary/print.html/ref=oh_aui_pi_o01_?ie=UTF8&orderID=250-0305286-6873451
2017年4月24日,図解入門業界研究最新人材ビジネスの動向とカラクリがよ~くわかる本[第2版] (How-nual図解入門業界研究)等,"3,780",https://www.amazon.co.jp/gp/css/summary/print.html/ref=oh_aui_pi_o02_?ie=UTF8&orderID=250-2914536-7144657
2017年4月23日,フランクリン・プランナー 手帳 オーガナイザー 2017 4月始まり 1日1ページ デイリー A5 PVC ブラック 63474,"3,888",https://www.amazon.co.jp/gp/css/summary/print.html/ref=oh_aui_pi_o03_?ie=UTF8&orderID=250-6200577-8814223
2017年4月21日,VRエンジニア養成読本 (Software Design plus),"2,354",https://www.amazon.co.jp/gp/css/summary/print.html/ref=oh_aui_pi_o04_?ie=UTF8&orderID=250-9917945-2658239
2017年4月21日,VRエンジニア養成読本,"2,354",https://www.amazon.co.jp/gp/digital/your-account/order-summary.html/ref=oh_aui_dpi_o05_?ie=UTF8&orderID=D01-3847726-1369008&print=1
2017年4月21日,Javaビルドツール入門 Maven/Gradle/SBT/Bazel対応,"3,024",https://www.amazon.co.jp/gp/css/summary/print.html/ref=oh_aui_pi_o06_?ie=UTF8&orderID=250-2500946-7832647
2017年4月21日,[コロンブス] 磨きクロス  7403  シロ 21×30㎝等,"6,264",https://www.amazon.co.jp/gp/css/summary/print.html/ref=oh_aui_pi_o07_?ie=UTF8&orderID=250-8699545-5124624
2017年4月21日,ブロックチェーン 仕組みと理論  サンプルで学ぶFinTechのコア技術,"3,240",https://www.amazon.co.jp/gp/css/summary/print.html/ref=oh_aui_pi_o08_?ie=UTF8&orderID=250-6845256-2564625
2017年4月21日,はじめてのSpring Boot―スプリング・フレームワークで簡単Javaアプリ開発 (I・O BOOKS),"2,700",https://www.amazon.co.jp/gp/css/summary/print.html/ref=oh_aui_pi_o09_?ie=UTF8&orderID=250-4069614-9454241
2017年4月19日,オブジェクト指向でなぜつくるのか 第2版,"2,400",https://www.amazon.co.jp/gp/digital/your-account/order-summary.html/ref=oh_aui_dpi_o00_?ie=UTF8&orderID=D01-4710709-9977030&print=1
2017年4月18日,SpringBootプログラミング入門,"3,024",https://www.amazon.co.jp/gp/css/summary/print.html/ref=oh_aui_pi_o02_?ie=UTF8&orderID=250-8856901-0503044
2017年4月18日,エレコム ワイヤレスマウス  BlueLED 2.4GHz 5ボタン Lサイズ ブラック M-XG2DBBK,"2,453",https://www.amazon.co.jp/gp/css/summary/print.html/ref=oh_aui_pi_o03_?ie=UTF8&orderID=503-3006102-0031052
2017年4月17日,情報処理 2017年04月号,"1,730",https://www.amazon.co.jp/gp/css/summary/print.html/ref=oh_aui_pi_o04_?ie=UTF8&orderID=250-0225246-9997471
2017年4月15日,ITストラテジスト 合格テキスト 2017年度 (情報処理技術者試験対策),"3,456",https://www.amazon.co.jp/gp/css/summary/print.html/ref=oh_aui_pi_o05_?ie=UTF8&orderID=250-2858739-4395048
2017年4月15日,システムアーキテクト 合格テキスト 2017年度 (情報処理技術者試験対策),"3,024",https://www.amazon.co.jp/gp/css/summary/print.html/ref=oh_aui_pi_o06_?ie=UTF8&orderID=250-0489349-3954252
2017年4月15日,CUDA C プロフェッショナル プログラミング (impress top gear),"5,400",https://www.amazon.co.jp/gp/css/summary/print.html/ref=oh_aui_pi_o07_?ie=UTF8&orderID=250-3864958-7368619
2017年4月15日,CUDA C プロフェッショナル プログラミング impress top gearシリーズ,"5,000",https://www.amazon.co.jp/gp/digital/your-account/order-summary.html/ref=oh_aui_dpi_o08_?ie=UTF8&orderID=D01-2230880-6927417&print=1
2017年4月15日,GAIA NP(ガイア・エヌピー) グレープシード(Grape seed) 120粒,"2,464",https://www.amazon.co.jp/gp/css/summary/print.html/ref=oh_aui_pi_o09_?ie=UTF8&orderID=250-6102179-7210238
2017年4月15日,監査論入門(第3版),"3,024",https://www.amazon.co.jp/gp/css/summary/print.html/ref=oh_aui_pi_o00_?ie=UTF8&orderID=250-9559157-3373461
2017年4月15日,デザイン入門教室[特別講義] (Design&IDEA),"1,998",https://www.amazon.co.jp/gp/css/summary/print.html/ref=oh_aui_pi_o01_?ie=UTF8&orderID=250-8897614-5976669
2017年4月15日,情報処理教科書 システムアーキテクト 2017年版,"2,459",https://www.amazon.co.jp/gp/css/summary/print.html/ref=oh_aui_pi_o02_?ie=UTF8&orderID=250-0568557-8311824
2017年4月2日,マブチモーター 小型直流モーター RE-280RA 1BOX 10個入,"2,580",https://www.amazon.co.jp/gp/css/summary/print.html/ref=oh_aui_pi_o04_?ie=UTF8&orderID=250-7634069-0296640
2017年4月1日,IoTエンジニア養成読本 (Software Design plus),"1,922",https://www.amazon.co.jp/gp/css/summary/print.html/ref=oh_aui_pi_o05_?ie=UTF8&orderID=250-9892718-4944608
2017年4月1日,仕掛学―人を動かすアイデアのつくり方,"1,500",https://www.amazon.co.jp/gp/digital/your-account/order-summary.html/ref=oh_aui_dpi_o07_?ie=UTF8&orderID=D01-0272967-0773810&print=1
2017年4月1日,ソフトウェアデザイン 2017年 04 月号 [雑誌],"1,318",https://www.amazon.co.jp/gp/css/summary/print.html/ref=oh_aui_pi_o08_?ie=UTF8&orderID=250-2451380-9690264
2017年3月30日,日経ソフトウエア2017年5月号,"1,220",https://www.amazon.co.jp/gp/css/summary/print.html/ref=oh_aui_pi_o09_?ie=UTF8&orderID=250-6526721-4099015
2017年3月30日,HIGH OUTPUT MANAGEMENT(ハイアウトプット マネジメント) 人を育て、成果を最大にするマネジメント,"1,944",https://www.amazon.co.jp/gp/css/summary/print.html/ref=oh_aui_pi_o00_?ie=UTF8&orderID=250-5342473-8955828
2017年3月20日,Develop Microsoft HoloLens Apps Now,"4,962",https://www.amazon.co.jp/gp/digital/your-account/order-summary.html/ref=oh_aui_dpi_o03_?ie=UTF8&orderID=D01-0178934-3237870&print=1
2017年3月20日,実戦で役立つ C#プログラミングのイディオム/定石&パターン,"3,218",https://www.amazon.co.jp/gp/css/summary/print.html/ref=oh_aui_pi_o04_?ie=UTF8&orderID=250-0736177-6783047
2017年3月19日,トランジスタ技術 2017年 04 月号等,"2,540",https://www.amazon.co.jp/gp/css/summary/print.html/ref=oh_aui_pi_o05_?ie=UTF8&orderID=250-9767372-0686250
2017年3月19日,Interface(インターフェース) 2017年 05 月号,"1,080",https://www.amazon.co.jp/gp/css/summary/print.html/ref=oh_aui_pi_o06_?ie=UTF8&orderID=250-4093080-6751037
2017年3月17日,IO 2017年 04 月号 [雑誌],980,https://www.amazon.co.jp/gp/css/summary/print.html/ref=oh_aui_pi_o03_?ie=UTF8&orderID=249-9128301-4140618
2017年3月12日,Canon  プリンター インクジェット 複合機 PIXUS MG3630 RD レッド,"7,118",https://www.amazon.co.jp/gp/css/summary/print.html/ref=oh_aui_pi_o05_?ie=UTF8&orderID=250-7525362-9483001
2017年3月10日,Canon インク カートリッジ 純正 BC-340 ブラック,"1,557",https://www.amazon.co.jp/gp/css/summary/print.html/ref=oh_aui_pi_o07_?ie=UTF8&orderID=250-8934495-6646259
2017年3月2日,クラウドワーキングで稼ぐ! ―時間と場所にとらわれない新しい働き方,"1,836",https://www.amazon.co.jp/gp/css/summary/print.html/ref=oh_aui_pi_o09_?ie=UTF8&orderID=250-2982400-4354226
2017年3月2日,ITと熟練農家の技で稼ぐ AI農業等,"3,564",https://www.amazon.co.jp/gp/css/summary/print.html/ref=oh_aui_pi_o02_?ie=UTF8&orderID=250-6420454-0943863
2017年2月28日,リクルートのDNA―起業家精神とは何か (角川oneテーマ21),741,https://www.amazon.co.jp/gp/css/summary/print.html/ref=oh_aui_pi_o04_?ie=UTF8&orderID=250-6971863-5778239
2017年2月26日,パナソニック コード付きスチームアイロン   ブルー NI-S55-A,"1,482",https://www.amazon.co.jp/gp/css/summary/print.html/ref=oh_aui_pi_o05_?ie=UTF8&orderID=250-0648933-8255842
2017年2月25日,日経ソフトウエア2017年4月号,"1,320",https://www.amazon.co.jp/gp/css/summary/print.html/ref=oh_aui_pi_o07_?ie=UTF8&orderID=249-1512238-2373430
2017年2月25日,Logicool ロジクール ワイヤレスマウス レッド M545RD,"1,980",https://www.amazon.co.jp/gp/css/summary/print.html/ref=oh_aui_pi_o08_?ie=UTF8&orderID=250-8785236-9012661
2017年2月25日,いちばんやさしいWordPressの教本第3版 人気講師が教える本格Webサイトの作り方,"1,706",https://www.amazon.co.jp/gp/css/summary/print.html/ref=oh_aui_pi_o09_?ie=UTF8&orderID=250-8791563-4476611
2017年2月23日,商品名：初めてのWatson APIの用例と実践プログラミング、数量：4,"9,504",https://www.amazon.co.jp/gp/css/summary/print.html/ref=oh_aui_pi_o00_?ie=UTF8&orderID=249-8836993-7031809
2017年2月23日,iPhoneで撮影・編集・投稿 YouTube動画編集 養成講座,"2,138",https://www.amazon.co.jp/gp/css/summary/print.html/ref=oh_aui_pi_o01_?ie=UTF8&orderID=249-3950955-2259036
2017年2月17日,ソフトウェアデザイン 2017年 03 月号 [雑誌]等,"2,298",https://www.amazon.co.jp/gp/css/summary/print.html/ref=oh_aui_pi_o05_?ie=UTF8&orderID=249-4081968-5071024
2017年2月14日,トランジスタ技術 2017年 03 月号,"1,000",https://www.amazon.co.jp/gp/css/summary/print.html/ref=oh_aui_pi_o08_?ie=UTF8&orderID=249-7656207-3490258
2017年2月14日,Interface(インターフェース) 2017年 04 月号 [雑誌],"1,000",https://www.amazon.co.jp/gp/css/summary/print.html/ref=oh_aui_pi_o09_?ie=UTF8&orderID=249-0073426-8859835
2017年2月12日,触感をつくる――《テクタイル》という考え方 (岩波科学ライブラリー),"2,247",https://www.amazon.co.jp/gp/css/summary/print.html/ref=oh_aui_pi_o00_?ie=UTF8&orderID=249-8892337-7321432
2017年2月12日,日経Linux(リナックス)2017年3月号等,"4,764",https://www.amazon.co.jp/gp/css/summary/print.html/ref=oh_aui_pi_o01_?ie=UTF8&orderID=249-9251689-7131020
2017年2月9日,Gitが、おもしろいほどわかる基本の使い方33〈バージョン管理、SourceTree、Bitbucket〉,"2,160",https://www.amazon.co.jp/gp/css/summary/print.html/ref=oh_aui_pi_o02_?ie=UTF8&orderID=249-0083344-2479000
2017年2月5日,Webデザインの見本帳 実例で学ぶ最新のスタイルとセオリー,"2,700",https://www.amazon.co.jp/gp/css/summary/print.html/ref=oh_aui_pi_o03_?ie=UTF8&orderID=249-6389948-6033461
2017年2月5日,Webデザインの新しい教科書 改訂新版 基礎から覚える、深く理解できる。〈HTML5、CSS3、レスポンシブWebデザイン〉,"2,700",https://www.amazon.co.jp/gp/css/summary/print.html/ref=oh_aui_pi_o04_?ie=UTF8&orderID=249-1977610-0605415
2017年2月5日,ドイツ人はなぜ、１年に150日休んでも仕事が回るのか,756,https://www.amazon.co.jp/gp/digital/your-account/order-summary.html/ref=oh_aui_dpi_o05_?ie=UTF8&orderID=D01-5044526-7762602&print=1
2017年1月31日,心理統計法 (放送大学教材),"3,024",https://www.amazon.co.jp/gp/css/summary/print.html/ref=oh_aui_pi_o08_?ie=UTF8&orderID=250-8413356-3238241
2017年1月31日,VOX PLUS 3DVR ゴーグル イヤホン実装・音量調整・動画一時停止 iPhone6s 7Plus Samsung Sonyなど多機種対応,"3,300",https://www.amazon.co.jp/gp/css/summary/print.html/ref=oh_aui_pi_o00_?ie=UTF8&orderID=249-5072798-9067827
2017年1月30日,ビジネスの世界で戦うのならファイナンスから始めなさい,"1,728",https://www.amazon.co.jp/gp/css/summary/print.html/ref=oh_aui_pi_o01_?ie=UTF8&orderID=249-4631742-3791011
2017年1月29日,生産性―――マッキンゼーが組織と人材に求め続けるもの,"1,728",https://www.amazon.co.jp/gp/css/summary/print.html/ref=oh_aui_pi_o02_?ie=UTF8&orderID=250-9363072-9407833
2017年1月29日,関数型プログラミングの基礎 JavaScriptを使って学ぶ,"3,024",https://www.amazon.co.jp/gp/css/summary/print.html/ref=oh_aui_pi_o03_?ie=UTF8&orderID=250-9759685-4855042
2017年1月28日,トップM&Aアドバイザーが初めて明かす 中小企業M&A 34の真実,"1,728",https://www.amazon.co.jp/gp/css/summary/print.html/ref=oh_aui_pi_o05_?ie=UTF8&orderID=249-0348892-5133465
2017年1月23日,日経ソフトウエア2017年3月号,"1,220",https://www.amazon.co.jp/gp/css/summary/print.html/ref=oh_aui_pi_o08_?ie=UTF8&orderID=250-7991030-8947003
2017年1月21日,まつもとゆきひろ 言語のしくみ,"3,024",https://www.amazon.co.jp/gp/css/summary/print.html/ref=oh_aui_pi_o02_?ie=UTF8&orderID=249-9525014-7898229
2017年1月20日,WOLFTEETH　VR box 3Dメガネ 3D眼鏡 3D VRボックス 超3D映像効果 3DVR スマホゴーグル　専用Bluetoothリモコン 734602,788,https://www.amazon.co.jp/gp/css/summary/print.html/ref=oh_aui_pi_o03_?ie=UTF8&orderID=249-6621395-2212612
2017年1月20日,日経テクノロジー展望2017 世界を変える100の技術,"2,376",https://www.amazon.co.jp/gp/css/summary/print.html/ref=oh_aui_pi_o04_?ie=UTF8&orderID=503-8783714-4827846
2017年1月19日,日経Linux(リナックス)2017年2月号,"1,540",https://www.amazon.co.jp/gp/css/summary/print.html/ref=oh_aui_pi_o05_?ie=UTF8&orderID=250-5154520-2677440
2017年1月19日,クラウドソーシングでビジネスはこう変わる,"1,620",https://www.amazon.co.jp/gp/css/summary/print.html/ref=oh_aui_pi_o06_?ie=UTF8&orderID=250-4305533-3803011
2017年1月19日,理科系の作文技術 (中公新書 (624)),756,https://www.amazon.co.jp/gp/css/summary/print.html/ref=oh_aui_pi_o07_?ie=UTF8&orderID=249-8754532-7154205
2017年1月19日,MAMORIO BLUE,"3,780",https://www.amazon.co.jp/gp/css/summary/print.html/ref=oh_aui_pi_o09_?ie=UTF8&orderID=249-5975876-1896639
2017年1月17日,Interface(インターフェース) 2017年 03 月号等,"3,298",https://www.amazon.co.jp/gp/css/summary/print.html/ref=oh_aui_pi_o02_?ie=UTF8&orderID=249-6685421-0617449
2017年1月17日,トランジスタ技術 2017年 02 月号等,"4,240",https://www.amazon.co.jp/gp/css/summary/print.html/ref=oh_aui_pi_o03_?ie=UTF8&orderID=249-2405382-2699800
2017年1月17日,UnityによるVRアプリケーション開発 ―作りながら学ぶバーチャルリアリティ入門,"3,240",https://www.amazon.co.jp/gp/css/summary/print.html/ref=oh_aui_pi_o04_?ie=UTF8&orderID=249-3364768-0209440
2017年1月16日,Kindle for PC (Windows) [ダウンロード],0,https://www.amazon.co.jp/gp/css/summary/print.html/ref=oh_aui_pi_o07_?ie=UTF8&orderID=250-9082733-9661449
2017年1月12日,Angular2によるモダンWeb開発 TypeScriptを使った基本プログラミング,"3,024",https://www.amazon.co.jp/gp/css/summary/print.html/ref=oh_aui_pi_o09_?ie=UTF8&orderID=249-4447710-4851832
2017年1月12日,WebデベロッパーのためのReact開発入門 JavaScript UIライブラリの基本と活用,"2,700",https://www.amazon.co.jp/gp/css/summary/print.html/ref=oh_aui_pi_o00_?ie=UTF8&orderID=249-5671822-0132665
2017年1月11日,30の戦いからよむ日本史〈上〉 (日経ビジネス人文庫),842,https://www.amazon.co.jp/gp/css/summary/print.html/ref=oh_aui_pi_o01_?ie=UTF8&orderID=250-7692208-8265415
2017年1月11日,Essential細胞生物学(原書第4版),"8,640",https://www.amazon.co.jp/gp/css/summary/print.html/ref=oh_aui_pi_o02_?ie=UTF8&orderID=250-4903647-9163005
2017年1月11日,超ワイド&パノラマ 鳥瞰イラストでよみがえる歴史の舞台 (Gakken Mook),"1,944",https://www.amazon.co.jp/gp/css/summary/print.html/ref=oh_aui_pi_o03_?ie=UTF8&orderID=250-0205769-5521431
2017年1月9日,タオバオで稼ぐ! 初心者から始める中国輸出の教科書,"1,620",https://www.amazon.co.jp/gp/css/summary/print.html/ref=oh_aui_pi_o05_?ie=UTF8&orderID=250-8771859-5289454
2017年1月8日,自然会話ロボットを作ろう! RaspberryPiとArduinoで作る人工知能,"2,160",https://www.amazon.co.jp/gp/css/summary/print.html/ref=oh_aui_pi_o06_?ie=UTF8&orderID=250-3205508-4030266
2017年1月7日,VOX+ Gear+ 3DVRゴーグル 4-6.5インチに適用iPhone6s 7Plus Samsung Sonyなど多機種対応 Playstation初体験,"2,270",https://www.amazon.co.jp/gp/css/summary/print.html/ref=oh_aui_pi_o07_?ie=UTF8&orderID=250-1109767-2027006
2017年1月1日,短時間で的確に作り上げる IT現場の文書作成術,"2,700",https://www.amazon.co.jp/gp/css/summary/print.html/ref=oh_aui_pi_o08_?ie=UTF8&orderID=250-9818485-6103814
,,"429,922",
